Districts Search Results,,,,,,,,,,,,,,,,
Mon May 09 2022 at 3:16:26 PM,,,,,,,,,,,,,,,,
"130 results exported. Export results are limited to 11,000 records.",,,,,,,,,,,,,,,,
,,,,,,,,,,,,,,,,
NCES District ID,State District ID,District Name,County Name,Street Address,City,State,ZIP,ZIP 4-digit,Phone,Students,Teachers,Schools,Locale Code,Locale,Student Teacher Ratio,Type
5300030,WA-14005,Aberdeen School District,Grays Harbor County,216 N G ST,ABERDEEN,WASHINGTON,98520,5297,(360)538-2000,3500,203.55,12,33,33-Town: Remote,17.19,1-Regular local school district that is NOT a component of a supervisory union
5300346,WA-17915,Ashe Preparatory Academy,King County,11625 Rainier Ave S,Seattle,WASHINGTON,98178,    ,(206)931-0964,89,0,1,12,12-City: Mid-size,0,7-Independent Charter District
5300300,WA-17408,Auburn School District,King County,915 4TH ST NE,AUBURN,WASHINGTON,98002,4452,(253)931-4900,17950,979.73,24,13,13-City: Small,18.32,1-Regular local school district that is NOT a component of a supervisory union
5300330,WA-18303,Bainbridge Island School District,Kitsap County,8489 MADISON AVE NE,BAINBRIDGE ISLAND,WASHINGTON,98110,2999,(206)842-4714,3835,207.79,10,22,22-Suburb: Mid-size,18.46,1-Regular local school district that is NOT a component of a supervisory union
5300014,WA-27931,Bates Technical College,Pierce County,1101 South Yakima Ave.,Tacoma,WASHINGTON,98405,    ,(253)680-7000,442,0,2,12,12-City: Mid-size,0,8-Other education agencies
5300390,WA-17405,Bellevue School District,King County,12111 NE 1ST ST,BELLEVUE,WASHINGTON,98005,3183,(425)456-4000,21672,1172.36,31,12,12-City: Mid-size,18.49,1-Regular local school district that is NOT a component of a supervisory union
5300480,WA-27403,Bethel School District,Pierce County,516 176th St E,Spanaway,WASHINGTON,98387,    ,(253)683-6000,20615,1118.97,31,21,21-Suburb: Large,18.42,1-Regular local school district that is NOT a component of a supervisory union
5300660,WA-18100,Bremerton School District,Kitsap County,134 MARION AVE N,BREMERTON,WASHINGTON,98312,3542,(360)473-4734,4953,318.78,14,13,13-City: Small,15.54,1-Regular local school district that is NOT a component of a supervisory union
5300690,WA-24111,Brewster School District,Okanogan County,520 W Main,BREWSTER,WASHINGTON,98812,0097,(509)689-3418,997,58.25,4,43,43-Rural: Remote,17.12,1-Regular local school district that is NOT a component of a supervisory union
5300720,WA-09075,Bridgeport School District,Douglas County,1400 Tacoma Avenue,BRIDGEPORT,WASHINGTON,98813,1060,(509)686-5656,841,55.12,4,43,43-Rural: Remote,15.26,1-Regular local school district that is NOT a component of a supervisory union
5300750,WA-16046,Brinnon School District,Jefferson County,46 SCHOOLHOUSE RD,BRINNON,WASHINGTON,98320,9651,(360)680-1107,83,5.33,1,41,41-Rural: Fringe,15.57,1-Regular local school district that is NOT a component of a supervisory union
5300960,WA-04222,CASHMERE SCHOOL DISTRICT,Chelan County,210 S DIVISION ST,CASHMERE,WASHINGTON,98815,1133,(509)782-3355,1675,95.03,3,31,31-Town: Fringe,17.63,1-Regular local school district that is NOT a component of a supervisory union
5300011,WA-34801,Capital Region ESD 113,Thurston County,6005 Tyee Dr SW,TUMWATER,WASHINGTON,98512,    ,(360)464-6700,400,0,1,13,13-City: Small,0,8-Other education agencies
5300870,WA-27019,Carbonado School District,Pierce County,427 4TH ST,CARBONADO,WASHINGTON,98323,0131,(360)829-0121,202,12.5,1,41,41-Rural: Fringe,16.16,1-Regular local school district that is NOT a component of a supervisory union
5300950,WA-04228,Cascade School District,Chelan County,330 EVANS ST,LEAVENWORTH,WASHINGTON,98826,1244,(509)548-5885,1379,80.5,6,32,32-Town: Distant,17.13,1-Regular local school district that is NOT a component of a supervisory union
5300347,WA-18901,Catalyst Public Schools,Kitsap County,1305 Ironsides Avenue,Bremerton,WASHINGTON,98310,    ,(617)233-4226,0,0,0,13,13-City: Small,-2,7-Independent Charter District
5301080,WA-18401,Central Kitsap School District,Kitsap County,9210 SILVERDALE WAY NW,SILVERDALE,WASHINGTON,98383,9197,(360)662-3100,11869,638.62,19,13,13-City: Small,18.59,1-Regular local school district that is NOT a component of a supervisory union
5300315,WA-19901,Central Washington University,Kittitas County,400 East University Way,Ellensburg,WASHINGTON,98926,    ,(509)963-1111,0,0,0,32,32-Town: Distant,-1,8-Other education agencies
5900036,BI-D10P15,Chief Leschi School,Pierce County,5625 52nd Street East,Puyallup,BUREAU OF INDIAN EDUCATION,98371,    ,(253)445-6000,529,83,1,21,21-Suburb: Large,6.37,1-Regular local school district that is NOT a component of a supervisory union
5301290,WA-16049,Chimacum School District,Jefferson County,91 W VALLEY RD,CHIMACUM,WASHINGTON,98325,7731,(360)302-5894,835,49.56,5,41,41-Rural: Fringe,16.85,1-Regular local school district that is NOT a component of a supervisory union
5301350,WA-19404,Cle Elum-Roslyn School District,Kittitas County,4244 BULLFROG ROAD,CLE ELUM,WASHINGTON,98922,    ,(509)649-4850,943,52.97,4,32,32-Town: Distant,17.8,1-Regular local school district that is NOT a component of a supervisory union
5301410,WA-27400,Clover Park School District,Pierce County,10903 GRAVELLY LAKE DR SW,LAKEWOOD,WASHINGTON,98499,1341,(253)583-5190,13761,782.75,33,13,13-City: Small,17.58,1-Regular local school district that is NOT a component of a supervisory union
5300017,WA-27932,Clover Park Technical College,Pierce County,4500 STEILACOOM BLVD SW,LAKEWOOD,WASHINGTON,98499,4098,(253)589-5800,0,0,1,13,13-City: Small,0,8-Other education agencies
5301710,WA-14099,Cosmopolis School District,Grays Harbor County,1439 FOURTH STREET,COSMOPOLIS,WASHINGTON,98537,0479,(360)532-7181,188,11.85,1,33,33-Town: Remote,15.86,1-Regular local school district that is NOT a component of a supervisory union
5301830,WA-05313,Crescent School District,Clallam County,50350 HWY 112,JOYCE,WASHINGTON,98343,0020,(360)928-3311,366,20.65,2,43,43-Rural: Remote,17.72,1-Regular local school district that is NOT a component of a supervisory union
5301950,WA-19007,Damman School District,Kittitas County,3600 UMPTANUM RD,ELLENSBURG,WASHINGTON,98926,8747,(509)962-9079,37,2.49,1,41,41-Rural: Fringe,14.86,1-Regular local school district that is NOT a component of a supervisory union
5302130,WA-27343,Dieringer School District,Pierce County,1320 178TH AVE E,Lake Tapps,WASHINGTON,98391,6411,(253)862-2537,1570,84.7,3,21,21-Suburb: Large,18.54,1-Regular local school district that is NOT a component of a supervisory union
5302310,WA-09206,Eastmont School District,Douglas County,800 Eastmont Ave,EAST WENATCHEE,WASHINGTON,98802,4443,(509)884-7169,6306,345.1,11,23,23-Suburb: Small,18.27,1-Regular local school district that is NOT a component of a supervisory union
5302340,WA-19028,Easton School District,Kittitas County,1893 RAILROAD ST,EASTON,WASHINGTON,98925,0008,(509)656-2317,106,13.04,2,42,42-Rural: Distant,8.13,1-Regular local school district that is NOT a component of a supervisory union
5302370,WA-27404,Eatonville School District,Pierce County,200 LYNCH ST W,EATONVILLE,WASHINGTON,98328,0698,(360)879-1000,2059,98.09,9,32,32-Town: Distant,20.99,1-Regular local school district that is NOT a component of a supervisory union
5302400,WA-31015,Edmonds School District,Snohomish County,20420 68TH AVE W,LYNNWOOD,WASHINGTON,98036,7400,(425)431-7000,21727,1134.73,38,21,21-Suburb: Large,19.15,1-Regular local school district that is NOT a component of a supervisory union
5302460,WA-19401,Ellensburg School District,Kittitas County,1300 E 3RD AVE,ELLENSBURG,WASHINGTON,98926,3576,(509)925-8000,3451,192.87,7,32,32-Town: Distant,17.89,1-Regular local school district that is NOT a component of a supervisory union
5302490,WA-14068,Elma School District,Grays Harbor County,1235 MONTE ELMA RD,ELMA,WASHINGTON,98541,9038,(360)482-2822,1602,88.32,5,32,32-Town: Distant,18.14,1-Regular local school district that is NOT a component of a supervisory union
5302550,WA-04127,Entiat School District,Chelan County,2650 ENTIAT WAY,ENTIAT,WASHINGTON,98822,9710,(509)784-1800,335,22.31,2,42,42-Rural: Distant,15.02,1-Regular local school district that is NOT a component of a supervisory union
5300001,WA-17216,Enumclaw School District,King County,2929 MCDOUGALL AVE,ENUMCLAW,WASHINGTON,98022,7499,(360)802-7100,4327,227.32,10,21,21-Suburb: Large,19.03,1-Regular local school district that is NOT a component of a supervisory union
5300314,WA-31933,Everett Community College,Snohomish County,2000 Tower Street,EVERETT,WASHINGTON,98201,    ,(425)388-9100,0,0,0,12,12-City: Mid-size,-1,8-Other education agencies
5302670,WA-31002,Everett School District,Snohomish County,3900 Broadway,EVERETT,WASHINGTON,98201,5033,(425)385-4000,21162,1103.97,33,12,12-City: Mid-size,19.17,1-Regular local school district that is NOT a component of a supervisory union
5300341,WA-34903,Evergreen State College,Thurston County,2700 Evergreen Parkway NW,Olympia,WASHINGTON,98505,    ,(360)867-6000,0,0,0,22,22-Suburb: Mid-size,-1,8-Other education agencies
5302820,WA-17210,Federal Way School District,King County,33330 8th AVE S,FEDERAL WAY,WASHINGTON,98003,5433,(253)945-2000,23289,1277.73,46,21,21-Suburb: Large,18.23,1-Regular local school district that is NOT a component of a supervisory union
5302880,WA-27417,Fife School District,Pierce County,5802 20TH ST E,TACOMA,WASHINGTON,98424,2000,(253)517-1000,3907,208.36,7,21,21-Suburb: Large,18.75,1-Regular local school district that is NOT a component of a supervisory union
5302940,WA-27402,Franklin Pierce School District,Pierce County,315 129TH ST S,TACOMA,WASHINGTON,98444,5099,(253)298-3000,8090,467.61,15,21,21-Suburb: Large,17.3,1-Regular local school district that is NOT a component of a supervisory union
5303210,WA-31332,Granite Falls School District,Snohomish County,205 N ALDER AVE,GRANITE FALLS,WASHINGTON,98252,    ,(360)691-7717,2168,112.44,6,31,31-Town: Fringe,19.28,1-Regular local school district that is NOT a component of a supervisory union
5303240,WA-23054,Grapeview School District,Mason County,822 E MASON BENSON RD,GRAPEVIEW,WASHINGTON,98546,9514,(360)275-4921,206,14.07,1,42,42-Rural: Distant,14.64,1-Regular local school district that is NOT a component of a supervisory union
5300326,WA-17935,Green River Community College,King County,12401 SE 320TH ST,AUBURN,WASHINGTON,98002,    ,(253)833-9111,0,0,0,13,13-City: Small,-1,8-Other education agencies
5303330,WA-34324,Griffin School District,Thurston County,6530 33rd Ave. NW,OLYMPIA,WASHINGTON,98502,    ,(360)866-5888,644,35.79,1,22,22-Suburb: Mid-size,17.99,1-Regular local school district that is NOT a component of a supervisory union
5303540,WA-17401,Highline School District,King County,15675 AMBAUM BLVD SW,BURIEN,WASHINGTON,98166,0100,(206)631-3000,19130,1014.19,41,21,21-Suburb: Large,18.86,1-Regular local school district that is NOT a component of a supervisory union
5303600,WA-23404,Hood Canal School District,Mason County,111 N STATE ROUTE 106,SHELTON,WASHINGTON,98584,9703,(360)877-5463,335,25.25,2,42,42-Rural: Distant,13.27,1-Regular local school district that is NOT a component of a supervisory union
5300345,WA-17911,Impact Public Schools,King County,3438 S 148th St,Tukwila,WASHINGTON,98168,    ,(206)712-7640,285,19.7,1,21,21-Suburb: Large,14.47,7-Independent Charter District
5303720,WA-31063,Index Elementary School District 63,Snohomish County,436 INDEX AVE,INDEX,WASHINGTON,98256,    ,(360)793-1330,32,3.35,1,42,42-Rural: Distant,9.55,1-Regular local school district that is NOT a component of a supervisory union
5303750,WA-17411,Issaquah School District,King County,5150 220th Ave SE,ISSAQUAH,WASHINGTON,98029,    ,(425)837-7000,21358,1119.41,28,21,21-Suburb: Large,19.08,1-Regular local school district that is NOT a component of a supervisory union
5303960,WA-17415,Kent School District,King County,12033 SE 256TH ST,KENT,WASHINGTON,98031,6643,(253)373-7000,27401,1396.13,44,12,12-City: Mid-size,19.63,1-Regular local school district that is NOT a component of a supervisory union
5304050,WA-19403,Kittitas School District,Kittitas County,505 N PIERCE ST,KITTITAS,WASHINGTON,98934,0599,(855)380-8844,676,40.99,4,42,42-Rural: Distant,16.49,1-Regular local school district that is NOT a component of a supervisory union
5301200,WA-04129,Lake Chelan School District,Chelan County,303 E JOHNSON AVE,CHELAN,WASHINGTON,98816,0369,(509)682-3515,1454,88.13,6,41,41-Rural: Fringe,16.5,1-Regular local school district that is NOT a component of a supervisory union
5307050,WA-14097,Lake Quinault School District,Grays Harbor County,6130 HWY 101 N,AMANDA PARK,WASHINGTON,98526,0038,(360)288-2260,213,14.72,1,43,43-Rural: Remote,14.47,1-Regular local school district that is NOT a component of a supervisory union
5304200,WA-31004,Lake Stevens School District,Snohomish County,12309 22ND ST NE,LAKE STEVENS,WASHINGTON,98258,    ,(425)335-1500,9606,472.29,15,22,22-Suburb: Mid-size,20.34,1-Regular local school district that is NOT a component of a supervisory union
5300313,WA-17937,Lake Washington Institute of Technology,King County,11605 132ND AVE NE,KIRKLAND,WASHINGTON,98034,    ,(425)739-8100,812,0,2,21,21-Suburb: Large,0,8-Other education agencies
5304230,WA-17414,Lake Washington School District,King County,16250 NE 74TH ST,REDMOND,WASHINGTON,98052,    ,(425)936-1200,31851,1728.32,56,21,21-Suburb: Large,18.43,1-Regular local school district that is NOT a component of a supervisory union
5304710,WA-09207,Mansfield School District,Douglas County,491 RD 14NE,MANSFIELD,WASHINGTON,98830,0188,(509)683-1012,102,12,1,43,43-Rural: Remote,8.5,1-Regular local school district that is NOT a component of a supervisory union
5304740,WA-04019,Manson School District,Chelan County,135 S. HILL STREET,MANSON,WASHINGTON,98831,9668,(509)687-3140,664,41.66,3,32,32-Town: Distant,15.94,1-Regular local school district that is NOT a component of a supervisory union
5304800,WA-23311,Mary M Knight School District,Mason County,2987 W MATLOCK BRADY RD,ELMA,WASHINGTON,98541,9713,(360)426-6767,1834,46.64,2,13,13-City: Small,39.32,1-Regular local school district that is NOT a component of a supervisory union
5304860,WA-31025,Marysville School District,Snohomish County,4220 80TH ST NE,MARYSVILLE,WASHINGTON,98270,3498,(360)965-0000,10990,595.76,23,22,22-Suburb: Mid-size,18.45,1-Regular local school district that is NOT a component of a supervisory union
5304890,WA-14065,McCleary School District,Grays Harbor County,611 S MAIN ST,MCCLEARY,WASHINGTON,98557,9524,(360)495-3204,347,21.05,1,42,42-Rural: Distant,16.48,1-Regular local school district that is NOT a component of a supervisory union
5304980,WA-17400,Mercer Island School District,King County,4160 86TH AVE SE,MERCER ISLAND,WASHINGTON,98040,4196,(206)236-3300,4496,244.06,6,21,21-Suburb: Large,18.42,1-Regular local school district that is NOT a component of a supervisory union
5305130,WA-31103,Monroe School District,Snohomish County,200 E FREMONT ST,MONROE,WASHINGTON,98272,2336,(360)804-2500,6825,322.25,14,21,21-Suburb: Large,21.18,1-Regular local school district that is NOT a component of a supervisory union
5305160,WA-14066,Montesano School District,Grays Harbor County,502 E. Spruce Ave,MONTESANO,WASHINGTON,98563,    ,(360)249-3942,1467,79.67,3,32,32-Town: Distant,18.41,1-Regular local school district that is NOT a component of a supervisory union
5900047,BI-D10P16,Muckleshoot Tribal School,King County,15209 SE 376th St,Auburn,BUREAU OF INDIAN EDUCATION,98092,    ,(253)931-6709,447,81,1,41,41-Rural: Fringe,5.52,1-Regular local school district that is NOT a component of a supervisory union
5305430,WA-31006,Mukilteo School District,Snohomish County,9401 SHARON DR,EVERETT,WASHINGTON,98204,2699,(425)356-1274,16070,935.66,24,21,21-Suburb: Large,17.18,1-Regular local school district that is NOT a component of a supervisory union
5305460,WA-39003,Naches Valley School District,Yakima County,24 SHAFER AVE,NACHES,WASHINGTON,98937,9744,(509)653-2220,1293,75.71,4,41,41-Rural: Fringe,17.08,1-Regular local school district that is NOT a component of a supervisory union
5300004,WA-04801,North Central Educational Service District 171,Chelan County,430 Olds Station Rd,WENATCHEE,WASHINGTON,98801,3050,(509)665-2610,0,0,0,13,13-City: Small,-1,4-Regional Education Service Agency (RESA)
5305760,WA-18400,North Kitsap School District,Kitsap County,18360 Caldart Ave NE,Poulsbo,WASHINGTON,98370,    ,(360)396-3000,6070,305.08,14,22,22-Suburb: Mid-size,19.9,1-Regular local school district that is NOT a component of a supervisory union
5305790,WA-23403,North Mason School District,Mason County,250 East Campus Drive,Belfair,WASHINGTON,98528,    ,(360)277-2300,2394,136.5,7,41,41-Rural: Fringe,17.54,1-Regular local school district that is NOT a component of a supervisory union
5305850,WA-34003,North Thurston Public Schools,Thurston County,305 COLLEGE ST NE,LACEY,WASHINGTON,98516,5390,(360)412-4400,15634,829.79,22,13,13-City: Small,18.84,1-Regular local school district that is NOT a component of a supervisory union
5305910,WA-17417,Northshore School District,Snohomish County,3330 Monte Villa Parkway,BOTHELL,WASHINGTON,98021,8972,(425)408-6000,23915,1275.3,37,21,21-Suburb: Large,18.75,1-Regular local school district that is NOT a component of a supervisory union
5306180,WA-34111,Olympia School District,Thurston County,111 BETHEL ST. NE,OLYMPIA,WASHINGTON,98506,    ,(360)596-6100,10057,554.89,21,13,13-City: Small,18.12,1-Regular local school district that is NOT a component of a supervisory union
5300007,WA-18801,Olympic Educational Service District 114,Kitsap County,105 NATIONAL AVE N,BREMERTON,WASHINGTON,98312,3537,(360)479-0993,0,1.8,2,33,33-Town: Remote,0,8-Other education agencies
5306390,WA-09013,Orondo School District,Douglas County,100 ORONDO SCHOOL RD,ORONDO,WASHINGTON,98843,9723,(509)784-2443,204,11.12,1,42,42-Rural: Distant,18.35,1-Regular local school district that is NOT a component of a supervisory union
5306450,WA-27344,Orting School District,Pierce County,121 Whitesell St NE,ORTING,WASHINGTON,98360,8403,(360)893-6500,2772,136.99,5,21,21-Suburb: Large,20.24,1-Regular local school district that is NOT a component of a supervisory union
5306510,WA-09102,Palisades School District,Douglas County,1114 PALISADES RD,PALISADES,WASHINGTON,98845,9609,(509)884-8071,31,3,1,42,42-Rural: Distant,10.33,1-Regular local school district that is NOT a component of a supervisory union
5306600,WA-24122,Pateros School District,Okanogan County,344 W BEACH ST,PATEROS,WASHINGTON,98846,0098,(509)923-2343,318,21.96,2,43,43-Rural: Remote,14.48,1-Regular local school district that is NOT a component of a supervisory union
5306690,WA-27401,Peninsula School District,Pierce County,14015 62ND AVE NW,GIG HARBOR,WASHINGTON,98332,8698,(253)530-1002,9545,520.16,15,21,21-Suburb: Large,18.35,1-Regular local school district that is NOT a component of a supervisory union
5306750,WA-23402,Pioneer School District,Mason County,112 E. Spencer Lake Road,SHELTON,WASHINGTON,98584,    ,(360)426-9115,797,53.57,2,41,41-Rural: Fringe,14.88,1-Regular local school district that is NOT a component of a supervisory union
5306820,WA-05121,Port Angeles School District,Clallam County,905 W 9TH ST,PORT ANGELES,WASHINGTON,98363,7275,(360)457-8575,3762,217.07,9,33,33-Town: Remote,17.33,1-Regular local school district that is NOT a component of a supervisory union
5306840,WA-16050,Port Townsend School District,Jefferson County,1610 Blaine St.,Port Townsend,WASHINGTON,98368,    ,(360)379-4501,1237,75.3,4,32,32-Town: Distant,16.43,1-Regular local school district that is NOT a component of a supervisory union
5300006,WA-17801,Puget Sound Educational Service District 121,King County,800 Oakesdale Ave SW,Renton,WASHINGTON,98057,    ,(425)917-7600,0,0,0,12,12-City: Mid-size,-1,4-Regional Education Service Agency (RESA)
5306960,WA-27003,Puyallup School District,Pierce County,302 2ND ST SE,PUYALLUP,WASHINGTON,98372,3220,(253)841-1301,23563,1176.52,37,21,21-Suburb: Large,20.03,1-Regular local school district that is NOT a component of a supervisory union
5301380,WA-16020,Queets-Clearwater School District,Jefferson County,146000 HIGHWAY 101,FORKS,WASHINGTON,98331,9484,(360)962-2395,31,3.01,1,43,43-Rural: Remote,10.3,1-Regular local school district that is NOT a component of a supervisory union
5306990,WA-16048,Quilcene School District,Jefferson County,294715 HWY 101,QUILCENE,WASHINGTON,98376,0040,(360)765-3363,608,28.27,3,42,42-Rural: Distant,21.51,1-Regular local school district that is NOT a component of a supervisory union
5307080,WA-13144,Quincy School District,Grant County,119 J ST SW,QUINCY,WASHINGTON,98848,1330,(509)787-4571,3034,180.17,8,32,32-Town: Distant,16.84,1-Regular local school district that is NOT a component of a supervisory union
5300335,WA-17908,Rainier Prep Charter School District,King County,10211 S 12th Ave,Seattle,WASHINGTON,98168,    ,(206)494-5979,350,23.8,1,21,21-Suburb: Large,14.71,7-Independent Charter District
5307110,WA-34307,Rainier School District,Thurston County,207 CENTRE ST,RAINIER,WASHINGTON,98576,0098,(360)446-2207,922,50.62,3,42,42-Rural: Distant,18.21,1-Regular local school district that is NOT a component of a supervisory union
5300342,WA-17910,Rainier Valley Leadership Academy,King County,6020 Rainier Avenue S.,Seattle,WASHINGTON,98118,    ,(206)659-0956,320,22,1,11,11-City: Large,14.55,7-Independent Charter District
5307230,WA-17403,Renton School District,King County,300 SW 7TH ST,RENTON,WASHINGTON,98057,    ,(425)204-2300,16189,867.47,29,12,12-City: Mid-size,18.66,1-Regular local school district that is NOT a component of a supervisory union
5300325,WA-17941,Renton Technical College,King County,3000 NE 4TH STREET,RENTON,WASHINGTON,98056,4195,(425)243-2366,10,0,2,12,12-City: Mid-size,0,8-Other education agencies
5304560,WA-17407,Riverview School District,King County,15510 1st Ave NE,DUVALL,WASHINGTON,98019,    ,(425)844-4500,3405,183.63,9,21,21-Suburb: Large,18.54,1-Regular local school district that is NOT a component of a supervisory union
5307620,WA-13160,Royal School District,Grant County,901 Ahlers Rd,Royal City,WASHINGTON,99357,0486,(509)346-2222,1765,100.64,4,43,43-Rural: Remote,17.54,1-Regular local school district that is NOT a component of a supervisory union
5307680,WA-14104,Satsop School District,Grays Harbor County,853 MONTE ELMA RD,SATSOP,WASHINGTON,98583,0096,(360)482-5330,60,3.41,1,32,32-Town: Distant,17.6,1-Regular local school district that is NOT a component of a supervisory union
5300323,WA-17942,Seattle Central Community College,King County,1701 BROADWAY,SEATTLE,WASHINGTON,98122,    ,(206)587-4974,0,0,0,11,11-City: Large,-1,8-Other education agencies
5307710,WA-17001,Seattle School District No. 1,King County,2445 3RD AVE S,SEATTLE,WASHINGTON,98134,1165,(206)252-0010,55986,3238.68,110,11,11-City: Large,17.29,1-Regular local school district that is NOT a component of a supervisory union
5307830,WA-05323,Sequim School District,Clallam County,503 N SEQUIM AVE,SEQUIM,WASHINGTON,98382,3161,(360)582-3260,2750,160.94,5,32,32-Town: Distant,17.09,1-Regular local school district that is NOT a component of a supervisory union
5307900,WA-23309,Shelton School District,Mason County,700 S 1ST ST,SHELTON,WASHINGTON,98584,3602,(360)426-1687,4728,279.86,9,32,32-Town: Distant,16.89,1-Regular local school district that is NOT a component of a supervisory union
5307920,WA-17412,Shoreline School District,King County,18560 1ST AVE NE,SHORELINE,WASHINGTON,98155,2118,(206)393-4203,10223,507.46,19,21,21-Suburb: Large,20.15,1-Regular local school district that is NOT a component of a supervisory union
5307980,WA-17404,Skykomish School District,King County,105 6TH ST N,SKYKOMISH,WASHINGTON,98288,0325,(360)677-2623,58,9,2,42,42-Rural: Distant,6.44,1-Regular local school district that is NOT a component of a supervisory union
5308020,WA-31201,Snohomish School District,Snohomish County,1601 AVENUE D,SNOHOMISH,WASHINGTON,98290,1799,(360)563-7240,10079,489.63,18,22,22-Suburb: Mid-size,20.58,1-Regular local school district that is NOT a component of a supervisory union
5308040,WA-17410,Snoqualmie Valley School District,King County,8001 SILVA AVE SE,SNOQUALMIE,WASHINGTON,98065,0400,(425)831-8000,7354,384.38,14,31,31-Town: Fringe,19.13,1-Regular local school district that is NOT a component of a supervisory union
5308160,WA-18402,South Kitsap School District,Kitsap County,2689 HOOVER AVE SE,PORT ORCHARD,WASHINGTON,98366,3013,(360)874-7000,9981,562.57,18,22,22-Suburb: Mid-size,17.74,1-Regular local school district that is NOT a component of a supervisory union
5300321,WA-17946,South Seattle Community College,King County,6000 16TH AVE S.W.,SEATTLE,WASHINGTON,98106,    ,(206)934-5300,0,0,0,11,11-City: Large,-1,8-Other education agencies
5308190,WA-15206,South Whidbey School District,Island County,5520 Maxwelton Road,Langley,WASHINGTON,98260,    ,(360)221-6100,1358,68.97,5,42,42-Rural: Distant,19.69,1-Regular local school district that is NOT a component of a supervisory union
5308220,WA-23042,Southside School District,Mason County,161 SE COLLIER RD,SHELTON,WASHINGTON,98584,8367,(360)426-8437,201,13.79,1,32,32-Town: Distant,14.58,1-Regular local school district that is NOT a component of a supervisory union
5308460,WA-27001,Steilacoom Hist. School District,Pierce County,511 CHAMBERS ST,STEILACOOM,WASHINGTON,98388,3311,(253)983-2200,3426,174.25,10,21,21-Suburb: Large,19.66,1-Regular local school district that is NOT a component of a supervisory union
5308550,WA-31311,Sultan School District,Snohomish County,514 4TH ST,SULTAN,WASHINGTON,98294,0399,(360)793-9800,1988,113.48,7,31,31-Town: Fringe,17.52,1-Regular local school district that is NOT a component of a supervisory union
5300343,WA-17905,Summit Public School: Atlas,King County,9601 35th Ave SW,Seattle,WASHINGTON,98104,    ,(253)987-1535,506,27,1,11,11-City: Large,18.74,7-Independent Charter District
5300333,WA-27905,Summit Public School: Olympus,Pierce County,409 Puyallup Avenue,Tacoma,WASHINGTON,98421,    ,(253)444-9781,183,10,1,12,12-City: Mid-size,18.3,7-Independent Charter District
5300334,WA-17902,Summit Public School: Sierra,King County,1025 S King Street,Seattle,WASHINGTON,98104,    ,(206)453-2520,344,22,1,11,11-City: Large,15.64,7-Independent Charter District
5308610,WA-27320,Sumner School District,Pierce County,1202 WOOD AVE,SUMNER,WASHINGTON,98390,1933,(253)891-6000,10302,508.77,15,21,21-Suburb: Large,20.25,1-Regular local school district that is NOT a component of a supervisory union
5300328,WA-18902,Suquamish Tribal Education Department,Kitsap County,16301 Creative Dr NW,Poulsbo,WASHINGTON,98370,    ,(360)394-7129,86,10,1,22,22-Suburb: Mid-size,8.6,1-Regular local school district that is NOT a component of a supervisory union
5308700,WA-27010,Tacoma School District,Pierce County,601 S 8TH,TACOMA,WASHINGTON,98401,1357,(253)571-1000,30330,1648.35,66,12,12-City: Mid-size,18.4,1-Regular local school district that is NOT a component of a supervisory union
5308760,WA-17409,Tahoma School District,King County,25720 MAPLE VALLEY BLK DIAM RD,MAPLE VALLEY,WASHINGTON,98038,8313,(425)413-3400,9292,447.35,10,21,21-Suburb: Large,20.77,1-Regular local school district that is NOT a component of a supervisory union
5308850,WA-19400,Thorp School District,Kittitas County,10831 N THORP HWY,THORP,WASHINGTON,98946,0150,(509)964-2107,243,18.14,1,42,42-Rural: Distant,13.4,1-Regular local school district that is NOT a component of a supervisory union
5308130,WA-17406,Tukwila School District,King County,4640 S 144TH ST,TUKWILA,WASHINGTON,98168,4134,(206)901-8000,3022,159.26,8,21,21-Suburb: Large,18.98,1-Regular local school district that is NOT a component of a supervisory union
5309100,WA-34033,Tumwater School District,Thurston County,621 LINWOOD AVE SW,TUMWATER,WASHINGTON,98512,8499,(360)709-7000,6495,366.19,14,13,13-City: Small,17.74,1-Regular local school district that is NOT a component of a supervisory union
5309180,WA-27083,University Place School District,Pierce County,3717 GRANDVIEW DR W,UNIVERSITY PLACE,WASHINGTON,98466,2138,(253)566-5600,5759,308.74,8,21,21-Suburb: Large,18.65,1-Regular local school district that is NOT a component of a supervisory union
5300320,WA-17904,University of Washington (17904),King County,1400 NE Campus Parkway,seattle,WASHINGTON,98195,    ,(206)543-2100,0,0,0,11,11-City: Large,-1,8-Other education agencies
5309300,WA-17402,Vashon Island School District,King County,9309 SW Cemetery Rd,VASHON,WASHINGTON,98070,3105,(206)463-8530,1529,81.37,5,41,41-Rural: Fringe,18.79,1-Regular local school district that is NOT a component of a supervisory union
5900185,BI-D10P13,Wa He Lut Indian School,Thurston County,11110 Conine Avenue SE,Olympia,BUREAU OF INDIAN EDUCATION,98513,    ,(360)456-1311,72,14,1,22,22-Suburb: Mid-size,5.14,1-Regular local school district that is NOT a component of a supervisory union
5300324,WA-34979,Washington Military Department,Kitsap County,1207 Carver St,Bremerton,WASHINGTON,98312,    ,(360)473-2602,142,0,1,41,41-Rural: Fringe,0,8-Other education agencies
5309600,WA-09209,Waterville School District,Douglas County,200 E BIRCH,WATERVILLE,WASHINGTON,98858,0490,(509)745-8584,270,20.98,2,42,42-Rural: Distant,12.87,1-Regular local school district that is NOT a component of a supervisory union
5309660,WA-04246,Wenatchee School District,Chelan County,235 SUNSET AVE,WENATCHEE,WASHINGTON,98801,1999,(509)663-8161,7805,443.58,18,13,13-City: Small,17.6,1-Regular local school district that is NOT a component of a supervisory union
5309780,WA-27416,White River School District,Pierce County,240 N A ST,BUCKLEY,WASHINGTON,98321,2050,(360)829-0600,4165,208,10,21,21-Suburb: Large,20.02,1-Regular local school district that is NOT a component of a supervisory union
5309990,WA-14117,Wishkah Valley School District,Grays Harbor County,4640 Wishkah Road,Aberdeen,WASHINGTON,98520,9626,(360)532-3128,160,14.66,1,42,42-Rural: Distant,10.91,1-Regular local school district that is NOT a component of a supervisory union
5310140,WA-34002,Yelm School District,Thurston County,107 1st N.,YELM,WASHINGTON,98597,0476,(360)458-1900,5888,310.87,10,41,41-Rural: Fringe,18.94,1-Regular local school district that is NOT a component of a supervisory union